{"cameraMode":{"drawMode":0,"name":"Shaded","section":"Shading Mode"},"sceneLighting":false,"audioPlay":false,"sceneViewState":{"showFog":true,"showMaterialUpdate":false,"showSkybox":false,"showFlares":true,"showImageEffects":true,"showParticleSystems":true},"in2DMode":false,"pivot":{"x":29.85346031188965,"y":-7.236207008361816,"z":-1.6354684829711915},"rotation":{"x":0.38284310698509219,"y":-0.4299278259277344,"z":0.2081647515296936,"w":0.7907422780990601},"size":20.48377227783203,"orthographic":false}