{"cameraMode":{"drawMode":0,"name":"Shaded","section":"Shading Mode"},"sceneLighting":false,"audioPlay":false,"sceneViewState":{"showFog":true,"showMaterialUpdate":false,"showSkybox":false,"showFlares":true,"showImageEffects":true,"showParticleSystems":true},"in2DMode":false,"pivot":{"x":0.0774688869714737,"y":0.015300627797842026,"z":-0.11314935982227326},"rotation":{"x":0.40270888805389407,"y":0.5337765216827393,"z":0.6710176467895508,"w":-0.32043007016181948},"size":0.5489215850830078,"orthographic":true}