{"cameraMode":{"drawMode":0,"name":"Shaded","section":"Shading Mode"},"sceneLighting":false,"audioPlay":false,"sceneViewState":{"showFog":true,"showMaterialUpdate":false,"showSkybox":false,"showFlares":true,"showImageEffects":true,"showParticleSystems":true},"in2DMode":false,"pivot":{"x":-0.12453794479370117,"y":6.024656295776367,"z":1.5448474884033204},"rotation":{"x":0.4250588119029999,"y":-0.20985685288906098,"z":0.10199426859617233,"w":0.8745774626731873},"size":14.116442680358887,"orthographic":false}