{"cameraMode":{"drawMode":0,"name":"Shaded","section":"Shading Mode"},"sceneLighting":false,"audioPlay":false,"sceneViewState":{"showFog":true,"showMaterialUpdate":false,"showSkybox":false,"showFlares":true,"showImageEffects":true,"showParticleSystems":true},"in2DMode":false,"pivot":{"x":3.51470947265625,"y":10.521728515625,"z":-0.44580078125},"rotation":{"x":0.10148513317108154,"y":-0.37980917096138,"z":-0.042133428156375888,"w":-0.918563187122345},"size":3.742629289627075,"orthographic":true}