{"cameraMode":{"drawMode":0,"name":"Shaded","section":"Shading Mode"},"sceneLighting":true,"audioPlay":false,"sceneViewState":{"showFog":true,"showMaterialUpdate":false,"showSkybox":true,"showFlares":true,"showImageEffects":true,"showParticleSystems":true},"in2DMode":false,"pivot":{"x":57.9629020690918,"y":111.25390625,"z":24.43798828125},"rotation":{"x":0.6510308384895325,"y":0.008837600238621235,"z":-0.006740305107086897,"w":0.7590905427932739},"size":7.931164741516113,"orthographic":true}