{"cameraMode":{"drawMode":0,"name":"Shaded","section":"Shading Mode"},"sceneLighting":false,"audioPlay":false,"sceneViewState":{"showFog":true,"showMaterialUpdate":false,"showSkybox":false,"showFlares":true,"showImageEffects":true,"showParticleSystems":true},"in2DMode":false,"pivot":{"x":-2.0490970611572267,"y":2.9991226196289064,"z":1.315892219543457},"rotation":{"x":0.12976044416427613,"y":-0.20080232620239259,"z":0.02684381976723671,"w":0.9706339240074158},"size":2.2023301124572756,"orthographic":false}