{"cameraMode":{"drawMode":0,"name":"Shaded","section":"Shading Mode"},"sceneLighting":false,"audioPlay":false,"sceneViewState":{"showFog":true,"showMaterialUpdate":false,"showSkybox":false,"showFlares":true,"showImageEffects":true,"showParticleSystems":true},"in2DMode":false,"pivot":{"x":-0.007322713732719421,"y":0.3970703184604645,"z":0.0684545487165451},"rotation":{"x":0.308735191822052,"y":0.655589759349823,"z":-0.2060307264328003,"w":0.6577427983283997},"size":0.8637894988059998,"orthographic":true}