{"cameraMode":{"drawMode":0,"name":"Shaded","section":"Shading Mode"},"sceneLighting":false,"audioPlay":false,"sceneViewState":{"showFog":true,"showMaterialUpdate":false,"showSkybox":false,"showFlares":true,"showImageEffects":true,"showParticleSystems":true},"in2DMode":false,"pivot":{"x":5.084312438964844,"y":1.679947853088379,"z":5.162303924560547},"rotation":{"x":-0.00040442467434331775,"y":0.9993069171905518,"z":-0.0368889756500721,"w":-0.009879522025585175},"size":17.024982452392579,"orthographic":false}