{"cameraMode":{"drawMode":0,"name":"Shaded","section":"Shading Mode"},"sceneLighting":false,"audioPlay":false,"sceneViewState":{"showFog":true,"showMaterialUpdate":false,"showSkybox":false,"showFlares":true,"showImageEffects":true,"showParticleSystems":true},"in2DMode":false,"pivot":{"x":35.7599983215332,"y":1.9099998474121094,"z":4.96999979019165},"rotation":{"x":0.2535300552845001,"y":0.539581835269928,"z":-0.17456980049610139,"w":0.7836493849754334},"size":2.1650636196136476,"orthographic":false}