{"cameraMode":{"drawMode":0,"name":"Shaded","section":"Shading Mode"},"sceneLighting":true,"audioPlay":false,"sceneViewState":{"showFog":true,"showMaterialUpdate":false,"showSkybox":true,"showFlares":true,"showImageEffects":true,"showParticleSystems":true},"in2DMode":false,"pivot":{"x":25.765748977661134,"y":10.079614639282227,"z":24.894258499145509},"rotation":{"x":0.06443482637405396,"y":-0.024844249710440637,"z":0.0017641736194491387,"w":0.9976664781570435},"size":32.09722900390625,"orthographic":true}