{"cameraMode":{"drawMode":0,"name":"Shaded","section":"Shading Mode"},"sceneLighting":false,"audioPlay":false,"sceneViewState":{"showFog":true,"showMaterialUpdate":false,"showSkybox":false,"showFlares":true,"showImageEffects":true,"showParticleSystems":true},"in2DMode":false,"pivot":{"x":-1.4901161193847657e-8,"y":-0.5000000596046448,"z":-7.450580596923828e-9},"rotation":{"x":0.054866958409547809,"y":0.3455032706260681,"z":-0.020200349390506746,"w":0.9366080164909363},"size":2.408851146697998,"orthographic":true}